Year,Total Cases,T2M_mean,T2M_std,T2M_max,T2M_min,RH2M_mean,RH2M_std,PRECTOTCORR_sum,PRECTOTCORR_mean,PRECTOTCORR_max,Total Cases_Lag_1,Total Cases_Lag_2,T2M_mean_Lag_1,T2M_mean_Lag_2,RH2M_mean_Lag_1,RH2M_mean_Lag_2,PRECTOTCORR_sum_Lag_1,PRECTOTCORR_sum_Lag_2,Total Cases_RollingMean_2,Total Cases_RollingStd_2,Total Cases_YoY,Temp_Humidity_Interaction,Temp_Precip_Interaction,Humidity_Precip_Interaction,Year_Trend
2021,115452,26.698246575342466,1.0446265932156586,28.65,24.46,85.70890410958904,3.2984929799200784,1497.87,4.103753424657534,53.89,98200.0,128612.0,26.639945355191255,26.834,84.51010928961749,85.5207397260274,1293.33,1504.84,113406.0,21504.531429445284,0.17568228105906303,2288.2774556201916,39990.50259780822,128380.79619863012,3
2022,104140,26.315479452054795,1.316588207643224,28.26,23.16,85.69893150684932,4.666660359414522,1692.39,4.636684931506849,91.35,115452.0,98200.0,26.698246575342466,26.639945355191255,85.70890410958904,84.51010928961749,1497.87,1293.33,106826.0,12199.006189030319,-0.09798011294737208,2255.2084711315447,44536.054269863016,145036.01469287672,4
2023,113200,26.861835616438356,1.0806747359829032,28.54,24.51,85.21854794520549,5.530067645198364,1686.59,4.620794520547945,110.47,104140.0,115452.0,26.315479452054795,26.698246575342466,85.69893150684932,85.70890410958904,1692.39,1497.87,109796.0,7998.791908782226,0.08699827155751882,2289.12662637568,45304.903332328766,143728.75077890413,5
2024,93216,27.06393442622951,1.4880288832318198,29.42,23.75,85.44300546448088,5.044064650924862,1442.89,3.942322404371585,34.4,113200.0,104140.0,26.861835616438356,26.315479452054795,85.21854794520549,85.69893150684932,1686.59,1692.39,108670.0,6406.387437550121,-0.1765371024734982,2312.42389707068,39050.2803442623,123284.85815464483,6
